{
	"format_version": "1.8.0",
	"animations": {
		"animation.model.walk": {
			"loop": true,
			"animation_length": 1,
			"bones": {
				"left_leg": {
					"rotation": {
						"0.0": {
							"vector": [0, 0, 0]
						},
						"0.25": {
							"vector": [-0.23298, -0.47229, -2.37908]
						},
						"0.5": {
							"vector": [-3.09185, -1.61432, 0.7341]
						},
						"0.75": {
							"vector": [-45.03088, -0.13304, 0.84584]
						},
						"1.0": {
							"vector": [-0.23298, -0.47229, -2.37908]
						}
					}
				},
				"right_leg": {
					"rotation": {
						"0.0": {
							"vector": [0, 0, 0]
						},
						"0.25": {
							"vector": [-47.29273, -4.98534, 1.31281]
						},
						"0.5": {
							"vector": [-2.46377, 0.14664, -0.03679]
						},
						"0.75": {
							"vector": [0.02763, 0.21134, -0.22677]
						}
					}
				}
			}
		}
	},
	"geckolib_format_version": 2
}